country,area,population,D,E,F,G,H,I,J,K,L,M,N,O,P,Q,R,S,T,U,V,W,X,Y,Z,AA,AB,AC,AD,AE,AF,AG,AH,AI,AJ,AK,AL,AM,AN,AO,AP,AQ,AR,AS,AT,AU,AV,AW,AX,AY,AZ,BA,BB,BC,BD,BE,BF,BG,BH,BI,BJ,BK,BL,BM,BN,BO,BP,BQ,BR,BS,BT,BU,BV,BW,BX,BY,BZ,CA,CB,CC,CD,CE,CF,CG,CH,CI,CJ,CK,CL,CM,CN,CO,CP,CQ,CR,CS,CT,CU,CV,CW,CX,CY,CZ,DA,DB,DC,DD,DE,DF,DG,DH,DI,DJ,DK,DL,DM,DN,DO,DP,DQ,DR,DS,EC,ED,EE,EF,EG,EH,EI,EJ,EK,EL,EM,EN,EO,EP,EQ,ER,ES,ET,EU,EV,EW,EX,EY,EZ,FA,FB,FC,FD,FE,FF,FG,FH,FI,FJ,FK,FL,FM,FN,FO,FP,FQ,FR,FS,FT,FU,FV,FW,FX,FY,FZ,GA,GB,GC,GD,GE,GF,GG,GH,GI,GJ,GK,GL,GM,GN,GO,GP,GQ,GR,GS,GT,GU,GV,GW,GX,GY,GZ,HA,HB,HC,HD,HE,HF,HG,HH,HI,HJ,HK,HL,HM,HN,HO,HP,HQ,HR,HS,HT,HU,HV,HW,HX,HY,HZ,IA,IB,IC,ID,IE,IF,IG,IH,II,IJ,IK,IL,IM,IN,IO,IP,IQ,IR,IS
Austria,AT,8822267,7.396,10.928,0.912,73,0.904,0.053,0.523,0.752,0.226,9.1,12.8,51.6,11.3,22.9,44.8,9.6,27.3,19.3,19.5,29.5,35.9,38.4,4.2,15.8,14.5,20.4,11.3,22.8,2.4,5.2,3,8.2,34.3,31.5,9.4,9.2,21.4,2.6,1.4,1.8,9.5,16.6,3,5.4,6.6,14.9,7.3,6.1,10.9,5,5.4,4,29.4,1.5,3,4.9,1.2,4.5,1.4,75,34.6,10.7,32.8,70.3,4.5,89,93.7,1,3,2.4,1.3,0.3,4.6,0.4,5.7,55.9,61.3,14.9,18.3,52.6,38.4,4.3,6.1,16.9,32.2,15.2,6.8,80.3,12,14,26.6,13.7,28.9,6.6,41,39.2,39.6,15,4.7,31.3,0.5,0.4,0.4,0.8,1,1.2,2.2,1.8,0.3,25.1,42.7,51.5,61.1,22.8,39.7,4.2,8.7,24.6,2.8,1.6,0.1,0.833,0.742,0.613,0.816,0.84,0.666,0.465,0.682,0.27,0.223,0.239,0.881,0.536,0.737,0.9,0.387,0.47,1,0.692,0.607,0.657,0.834,0.279,0.847,0.762,0.636,0.42,0.703,0.375,0.786,0.5,0.158,0.598,0.601,0.268,0.292,0.378,0.273,0.318,0.188,0.635,0.923,0.276,0.307,0.177,0.558,1,0.366,1,0.407,0.542,0.468,0.516,0.215,0.293,0.344,0.208,0.25,0.255,0.381,0.609,0.442,0.125,0.444,0.156,0.617,0.68,0.024,0.212,0.058,0.082,0.049,0.19,0.06,0.245,0.575,1,0.591,0.686,0.5,0.566,0.133,0.173,0.44,0.829,0.592,0.335,0.742,1,0.269,0.183,0.435,0.342,0.329,0.604,0.631,1,0.372,0.815,1,0.136,0.118,0.188,0.211,0.323,0.324,0.244,0.327,0.2,0.544,0.609,0.323,0.522,0.504,0.693,0.15,0.322,0.293,0.099,0.054
Belgium,BE,11398589,6.892,10.844,0.93,72,0.808,-0.125,0.63,0.75,0.25,11.7,14.4,36.7,7.2,11.5,29,5,12.6,3.8,12.4,25.8,14.1,25.1,5.5,15,7.6,14,12.8,17.2,0.7,1.6,0.6,15.6,13.8,26.8,16.5,16.3,24.6,0.7,0.3,1,1.2,3.5,1.3,4,5.3,4.2,1.5,2.6,4.1,1.4,0.6,0.6,23.3,1.9,1.4,1.4,0.6,4.9,1.2,89.1,8.4,4.8,49.4,63.1,5.2,84.3,90.7,8.5,8,10.5,4,1.7,11,1.4,10.1,47,32.5,8.4,8.2,49.4,23,6.1,4.2,10.9,21.8,10.2,7,76.6,5.4,16.4,33,16,15.8,5,40.8,31.5,22.6,16.3,1.9,18.6,0.3,1.8,0.4,1.2,0.7,0.3,1.9,2.9,0.9,37,56.5,66.8,69.7,14.4,45.4,4.7,8.6,26.9,2.8,2,0.131,0.65,0.689,0.743,0.684,0.568,0.323,0.599,0.674,0.37,0.294,0.297,0.568,0.268,0.162,0.238,0.09,0.051,0.099,0.389,0.477,0.077,0.417,0.471,0.792,0.305,0.308,0.524,0.484,0.021,0.143,0.02,0.357,0.104,0.473,0.505,0.538,0.459,0.026,0.068,0.072,0.029,0.083,0.053,0.213,0.133,0.039,0.171,0.124,0.346,0.074,0.042,0.026,0.336,0.277,0.12,0.057,0.094,0.274,0.218,0.971,0.053,0.171,0.466,0.159,0.196,0.442,0.528,0.246,0.692,0.272,0.357,0.279,0.557,0.209,0.529,0.395,0.321,0.169,0.205,0.426,0.305,0.253,0.105,0.198,0.524,0.362,0.346,0.652,0.347,0.321,0.322,0.542,0.065,0.232,0.6,0.456,0.382,0.414,0.296,0.365,0.045,0.529,0.188,0.316,0.226,0.081,0.211,0.527,0.6,0.814,0.831,0.536,0.678,0.197,0.841,0.168,0.317,0.363,0.099,0.098
Bulgaria,BG,7050034,5.099,10.007,0.924,66.8,0.724,-0.176,0.952,0.639,0.189,1.3,9.5,25.1,11.4,13.1,23.9,11.5,25,8.2,7,13.5,22,11.8,4.6,7.7,14.5,8,7.2,8.4,1.3,1.4,1,20.4,28.7,14.3,6.5,5.9,19.6,1.3,0.9,2.4,1.7,3.3,2.1,3.1,8.5,8.6,1.6,2.6,1.4,0.6,0.5,0.8,41,0.9,2,2.8,0.2,1.7,0.9,70.7,30.2,5.6,53.3,80.4,13,99.3,99.7,7.5,6,9.1,5.2,6.1,14.8,1.4,13.2,69.4,20.8,5.8,3.9,42.6,5,2.3,6.4,30,15.3,5.2,3.6,76.6,6.9,1.4,57.7,7.9,31.6,7.8,26.9,27.8,29.1,15.7,2.9,20.7,1.5,1,0.7,3.8,0.1,1.3,0.4,1.1,0,3.5,9.2,46.1,39.2,36.2,32.1,0.1,1.4,30.2,4.9,6.7,0.078,0,0.156,0.7,0,0.33,0.223,1,0.354,0.117,0.011,0.12,0.325,0.542,0.242,0.025,0.51,0.405,0.355,0.158,0.046,0.287,0,0.338,0.285,0.762,0,0.133,0.141,0.146,0.107,0.1,0.485,0.463,0.133,0.171,0.177,0.332,0.104,0.205,0.275,0.066,0.071,0.158,0.153,0.241,0.252,0.186,0.124,0.087,0,0.031,0.052,0.858,0.123,0.185,0.172,0.019,0.083,0.164,0.201,0.516,0.207,0.546,0.845,0.631,1,0.985,0.217,0.5,0.235,0.48,1,0.776,0.209,0.729,0.848,0.045,0,0,0.269,0,0,0.184,0.968,0.332,0.133,0.156,0.652,0.495,0,0.859,0.164,0.399,0.402,0.316,0.371,0.618,0.395,0.481,0.47,0.591,0.294,0.375,1,0.032,0.351,0.044,0.2,0,0.054,0.069,0.247,0.124,0.993,0.495,0.004,0,0.463,0.237,0.609
Croatia,HR,4105493,5.536,10.224,0.91,70.2,0.691,-0.151,0.925,0.582,0.29,2.9,19.1,41.4,16.5,28.1,40.3,12.5,30,19.3,13.1,35.7,37.3,31.9,4.7,14.3,13,20,13.3,27.3,2.4,5.1,2,30.3,34.6,34.7,20.6,21,29.3,0.9,0.4,1.5,0.8,6.1,2.7,11.9,11.1,19.5,3,2.8,4.1,1,0.7,0.8,36.9,0.6,8.4,7.4,0.4,0.9,0.9,70.3,39.4,12.2,57.2,67.7,7.7,89.9,99.5,6.3,3.5,9.7,1.5,0.3,7.8,0.7,6.6,56.9,46.6,20.9,17.3,44.8,43.2,7.9,19.8,13.3,35.6,7.8,16.6,67.9,6.8,3.3,33,12.8,60.1,11.6,11.9,13.1,28.8,20.8,3,26.6,0.9,0.1,0.8,0.3,0.6,0.1,1.4,1.3,0.3,6.5,16.1,45.7,64,32,36.4,0.3,6,25.4,8.4,7.5,0.042,0.159,0.294,0.6,0.447,0.235,0.272,0.967,0.189,0.535,0.054,0.467,0.667,0.876,1,0.711,0.574,0.547,1,0.419,0.825,0.694,0.63,0.353,0.743,0.662,0.615,0.559,0.879,0.375,0.768,0.3,0.751,0.605,0.688,0.642,0.701,0.579,0.052,0.091,0.145,0,0.25,0.237,0.74,0.33,0.782,0.386,0.138,0.346,0.037,0.052,0.052,0.737,0.077,0.88,0.549,0.057,0.036,0.164,0.184,0.711,0.512,0.626,0.341,0.335,0.651,0.975,0.181,0.26,0.251,0.102,0.049,0.374,0.104,0.303,0.595,0.653,0.981,0.638,0.319,0.647,0.373,0.668,0.294,0.929,0.252,0.883,0.442,0.485,0.041,0.322,0.393,1,0.634,0.01,0.036,0.607,0.563,0.5,0.765,0.318,0.029,0.438,0.079,0.194,0.027,0.156,0.236,0.2,0.122,0.18,0.242,0.575,0.839,0.607,0.011,0.203,0.317,0.467,0.696
Cyprus,CY,864236,6.276,10.567,0.826,73.7,0.794,-0.022,0.848,0.75,0.298,5.1,28.1,46.2,10.6,21.5,47.2,6,45.9,15.3,4.6,40.7,48.8,28,5.3,16.1,7.9,22.5,10.7,29.1,1,1.5,1.4,8.8,51,44.4,3.1,2.7,9.3,0.5,0.1,1.1,2.1,2.8,2.6,1.6,8.4,6.9,1.8,0.8,1,1.2,1,1.1,32.1,0.4,2.1,2.1,0.5,0.4,0,65.9,53,3.2,42.1,79.8,1.9,91,94.1,19.7,1,29,0.6,3.5,4.8,6.4,7.3,61.4,34.5,11,11.8,38.3,27.4,4,8.2,25.3,37.3,9.2,18.7,69.2,1.9,8.3,18.2,12,48.3,6.4,30.7,37.6,28.9,23.9,1.9,27.1,1.9,0,0.5,0,1.2,0.3,0.9,0.5,0.4,2.7,13.8,46,52.6,29.6,31.4,0,24.1,15,8.3,9.9,0.003,0.427,0.513,0,0.908,0.528,0.52,0.871,0.676,0.567,0.114,0.793,0.767,0.49,0.667,1,0.155,1,0.767,0.056,1,1,0.508,0.441,0.868,0.325,0.744,0.378,0.949,0.083,0.125,0.18,0.174,1,0.951,0.057,0.066,0.071,0,0.023,0.087,0.095,0.038,0.224,0.053,0.238,0.17,0.214,0,0.048,0.056,0.083,0.091,0.596,0.046,0.196,0.115,0.075,0.006,0,0,1,0.097,0.316,0.821,0.011,0.691,0.701,0.579,0.019,0.762,0.01,0.574,0.201,0.955,0.348,0.686,0.368,0.338,0.376,0.169,0.38,0.113,0.249,0.778,0.979,0.317,1,0.473,0,0.147,0,0.355,0.751,0.317,0.394,0.595,0.611,0.664,0.296,0.79,0.773,0,0.25,0,0.387,0.081,0.1,0.091,0.267,0.036,0.143,0.246,0.367,0.752,0.477,0,1,0,0.461,0.957
Czechia,CZ,10610055,7.034,10.583,0.929,70.3,0.79,-0.292,0.851,0.714,0.178,11,9.5,23.2,9.4,12.8,30.2,10.6,20.3,9.1,11,13.7,34.3,23.2,5.6,10.6,7.1,17.7,12.5,9.3,0.7,0.8,0.5,9.7,35.5,17.4,1.4,2,6.5,1.2,1,1,2.3,4.4,2,0.8,3.3,10.6,5.2,3.2,2.7,2.7,3.4,2.6,15.7,1,1,1.2,0.8,1.4,0.8,86.8,23.4,9.3,28.9,69.4,2.7,97.5,99.4,0.3,11.2,0.3,6.1,0.8,14.5,0,12,55.6,46.3,6,7.3,39.4,12.9,6.3,1.3,15.1,23.8,2.3,0.8,61.1,1.9,20.4,30.2,17.7,39.2,14.1,39.8,45.2,25.2,7.4,2.4,11.3,1.3,0.7,0.5,0.4,0.5,0,0.4,0,0.2,6.8,20.3,56.9,52.7,36.4,29.1,0.3,3.7,30.6,1.3,3.6,0.122,0.701,0.523,0.738,0.461,0.517,0,0.874,0.57,0.071,0.275,0.12,0.285,0.412,0.227,0.289,0.452,0.271,0.407,0.329,0.053,0.614,0.357,0.485,0.486,0.272,0.497,0.503,0.176,0.021,0,0,0.198,0.627,0.217,0,0.042,0,0.091,0.227,0.072,0.109,0.141,0.145,0,0.065,0.35,0.7,0.166,0.212,0.194,0.333,0.286,0.112,0.138,0.076,0.041,0.132,0.065,0.145,0.874,0.372,0.378,0.045,0.409,0.056,0.933,0.97,0.003,1,0.003,0.571,0.131,0.759,0,0.652,0.569,0.646,0.013,0.162,0.194,0.134,0.267,0,0.367,0.582,0,0,0.278,0,0.406,0.261,0.621,0.559,0.787,0.58,0.768,0.476,0.122,0.389,0,0.5,0.206,0.25,0.105,0.161,0,0.044,0,0.133,0.129,0.248,0.398,0.369,1,0.417,0.011,0.101,0.476,0,0.272
Denmark,DK,5781190,7.649,10.935,0.958,72.4,0.935,0.018,0.151,0.821,0.206,37.6,9.8,57.3,8.7,20.2,35,13.3,22.4,7.5,20.6,35.9,18.9,32.6,8.8,17,6.7,27.5,14.3,27.3,5.3,5.5,2.3,23.4,17,28.2,12.4,8.8,24.1,4.3,0.6,1.3,14.5,17.8,4.5,6,8.7,14.8,4.3,15.3,6,9.7,6.8,0.9,11.9,1.4,4.8,2.9,5.4,17.1,1.3,88.7,42.9,10.9,38.5,66.8,3.3,93.4,96.7,1.6,7.8,1.7,4.5,0.2,13.8,0,11.9,58,60.7,18.4,24.9,69,59.1,11.8,3.5,11,37.2,21.2,2,85.1,5.2,48.2,64.2,9,14.1,2.7,50.9,35.9,24.4,5.1,2.5,28,0.8,0.7,0.6,0.5,0.3,0.1,0.6,1.3,0.3,38.6,67,63.2,84.2,19.6,18.5,9.6,21.2,31.1,2.2,2.4,0.063,0.924,0.747,0.945,0.737,0.929,0.598,0,0.883,0.187,1,0.13,1,0.366,0.601,0.49,0.626,0.33,0.314,0.739,0.832,0.205,0.652,0.956,0.931,0.245,1,0.629,0.879,0.979,0.839,0.36,0.566,0.181,0.511,0.368,0.278,0.447,0.494,0.136,0.116,1,1,0.474,0.347,0.248,0.553,0.571,1,0.529,0.843,0.688,0.065,0,0.2,0.489,0.18,1,1,0.236,0.954,0.786,0.452,0.242,0.306,0.089,0.781,0.832,0.042,0.673,0.04,0.408,0.033,0.718,0,0.645,0.617,0.986,0.818,1,0.88,0.917,0.633,0.079,0.202,0.976,0.867,0.067,0.857,0.327,1,1,0.215,0.03,0.091,0.806,0.556,0.447,0.046,0.407,0.835,0.273,0.206,0.313,0.132,0.097,0.027,0.067,0.236,0.2,0.85,1,0.486,0.942,0.387,0.141,0.343,0.872,0.491,0.059,0.141
Estonia,EE,1319133,6.091,10.472,0.933,68.6,0.886,-0.141,0.621,0.795,0.163,4.3,9.2,23,4.4,9.4,33.3,3.6,11.2,3.2,10.5,12.8,16.7,23.5,3.5,3.8,3.5,10.2,8,14.3,2.4,3.3,1.7,6,16.1,9.4,6.8,5,24.9,2.6,0.8,1.9,4.4,11.1,2.6,3.8,5.7,24,6.5,5.7,2.4,2.3,1.7,1.5,16.8,0.4,1.4,2.7,0.5,2.5,0.5,80.4,31,5.5,41.2,62,16.7,86.2,87.9,4.5,9.9,4.1,10.3,0,14,0.2,14.9,61.9,52.3,10.1,8.6,40.9,25.2,7.4,6.3,6,10.5,7.2,4.6,61.4,3.7,12,57.8,10.3,20.6,2.1,33.5,32.1,22.2,3.7,1.5,11.7,0.9,0.2,0.4,0.8,0.7,3.4,3.4,0.3,0.3,6.1,15,56.2,65.2,29.4,22,6,9.9,32.6,2,3,0.008,0.36,0.452,0.763,0.237,0.788,0.29,0.587,0.805,0.01,0.093,0.109,0.281,0.085,0.056,0.418,0,0.011,0.064,0.308,0.021,0.146,0.367,0.176,0.014,0.033,0.113,0.189,0.371,0.375,0.446,0.24,0.099,0.159,0,0.181,0.146,0.467,0.273,0.182,0.203,0.263,0.571,0.224,0.2,0.146,1,0.886,0.338,0.183,0.157,0.156,0.143,0.145,0.046,0.12,0.164,0.075,0.131,0.091,0.607,0.533,0.203,0.298,0.115,0.838,0.513,0.386,0.128,0.875,0.103,1,0,0.73,0.03,0.839,0.696,0.788,0.279,0.224,0.229,0.342,0.34,0.181,0,0.191,0.225,0.212,0.285,0.178,0.226,0.861,0.276,0.167,0.055,0.451,0.469,0.367,0,0.222,0.02,0.318,0.059,0.188,0.211,0.226,0.919,0.378,0.055,0.2,0.113,0.163,0.388,0.596,0.745,0.232,0.214,0.374,0.537,0.046,0.207
Finland,FI,5513130,7.858,10.783,0.962,71.9,0.938,-0.127,0.199,0.782,0.182,14.9,10.3,45.9,4.7,10.8,44.3,11.2,11,2.1,12.1,32.4,18.5,29.1,5.5,18,3,16.3,15.9,30.4,2.7,2.7,1.3,10.3,24.9,33.8,11.2,10.3,21.1,1.3,0,0.6,4,14.2,1.9,7.6,1.4,9.1,2.9,6.9,4.8,1.8,1.3,0.5,28.2,1.4,1.9,2,1.1,9.5,2,79.8,33.6,3.7,38.4,65.6,2.3,95.2,98.2,14.2,7.4,12.3,5.7,0.6,13.6,1.7,11.3,56.8,54,10.4,10,55,46.2,11.1,3,6.8,21.7,10.5,2.8,79.3,6.9,21.6,43.4,19.7,18,2.6,48.2,36.6,14.3,5.9,0.8,19.4,1.7,0.6,0.5,0.7,1.1,1.1,0.2,1.2,0.9,27.7,45.9,61.7,79.6,24.3,15.7,17.6,11.1,31.3,1.7,2.7,0.06,1,0.65,0.973,0.671,0.936,0.317,0.06,0.767,0.087,0.381,0.149,0.761,0.105,0.126,0.879,0.49,0.006,0,0.376,0.709,0.194,0.542,0.471,1,0,0.426,0.741,1,0.438,0.339,0.16,0.214,0.371,0.663,0.328,0.33,0.371,0.104,0,0.014,0.234,0.769,0.132,0.453,0,0.277,0.371,0.421,0.413,0.111,0.115,0.013,0.481,0.2,0.174,0.107,0.189,0.548,0.364,0.582,0.588,0.12,0.24,0.258,0.034,0.848,0.909,0.415,0.635,0.32,0.531,0.098,0.707,0.254,0.606,0.593,0.828,0.299,0.29,0.556,0.698,0.587,0.061,0.032,0.521,0.376,0.112,0.717,0.495,0.432,0.548,0.715,0.112,0.085,0.751,0.572,0.08,0.072,0.093,0.405,0.682,0.176,0.25,0.184,0.355,0.297,0.022,0.218,0.6,0.603,0.66,0.465,0.858,0.558,0.068,0.629,0.427,0.497,0.026,0.174
France,FR,67026224,6.666,10.727,0.921,73.8,0.816,-0.138,0.582,0.767,0.282,10.4,27.3,44.8,4.8,22.4,38.6,5.6,18.5,10,26.7,31.2,23.9,31.7,6.8,16,9,23.8,17.8,28.4,0.6,2,1.6,16.7,24.9,46.2,16.2,15.7,22.6,0.9,0.2,0.6,2.3,5.3,1.6,6.6,6.1,3.4,1.2,1.2,4.1,1.4,0.2,0.5,40.7,0.8,3.2,3.5,0.5,3.6,1.2,81.1,26.7,7.7,51.7,64.3,4.9,88,95,6.6,5.7,8.2,4.4,0.2,9.9,0.5,9.9,59.8,52.2,8.6,6.6,44,36.7,9.6,4.3,8.5,16.7,17.4,10.8,59.6,4.7,9.8,49.5,13.9,18.7,5.9,28.4,27.9,35.2,34.1,0.9,31.1,1.2,3.3,1.1,1.1,2.4,0.4,1.8,2.6,1,37.8,66.6,52.8,63.5,17.3,27.7,6.5,13.8,34.7,4.8,2.9,0.808,0.568,0.615,0.683,0.921,0.591,0.297,0.538,0.726,0.502,0.259,0.764,0.738,0.111,0.712,0.64,0.129,0.219,0.459,1,0.667,0.338,0.624,0.662,0.861,0.397,0.81,0.874,0.922,0,0.214,0.22,0.386,0.371,1,0.495,0.517,0.409,0.052,0.045,0.014,0.109,0.199,0.092,0.387,0.16,0,0.129,0.028,0.346,0.074,0,0.013,0.85,0.108,0.315,0.23,0.075,0.196,0.218,0.636,0.442,0.304,0.513,0.206,0.179,0.58,0.746,0.19,0.471,0.212,0.398,0.033,0.494,0.075,0.516,0.654,0.785,0.182,0.129,0.301,0.537,0.487,0.108,0.101,0.374,0.693,0.559,0.242,0.277,0.179,0.68,0.444,0.127,0.287,0.347,0.374,0.84,1,0.111,0.99,0.455,0.971,0.625,0.289,0.774,0.108,0.2,0.473,0.667,0.832,0.994,0.341,0.565,0.303,0.38,0.232,0.546,0.601,0.23,0.196
Germany,DE,82792351,7.118,10.89,0.92,72.2,0.877,0.034,0.496,0.78,0.243,7.7,14.1,50.5,7.8,9.5,38.5,5.5,14.5,5.3,17.3,30.7,17.6,37.2,3.9,9,4.8,19.2,11.2,25.2,2,3.7,2.1,8.9,24,29.5,22.4,20.9,44.1,2.6,0.8,1.2,5.6,10,1.6,8.1,14.7,12.4,4.5,1.9,3.7,3.3,6.9,0.8,26.1,0.6,3.2,6.6,1.2,5.7,0.7,81.8,20.4,9.5,46,67.3,7.7,87.2,92.9,1.2,8.6,2.4,5.1,0.4,15.5,0.3,12.6,48.2,48.7,13.2,14.7,56.3,28.3,13.9,6,8.2,17,24.1,3.9,78.9,5.2,12.3,41,9.9,18.5,4.5,36.4,26.1,22.9,9.9,1,21,0.4,0.9,0.6,0.9,1,0.9,2,1.3,0.5,30.2,48.5,64.2,71.4,15.4,30.3,2.5,16,35.8,4.2,1.1,1,0.732,0.719,0.671,0.711,0.763,0.629,0.431,0.763,0.34,0.185,0.286,0.857,0.307,0.061,0.636,0.123,0.105,0.186,0.598,0.649,0.17,0.796,0.235,0.375,0.119,0.574,0.413,0.797,0.292,0.518,0.32,0.177,0.349,0.546,0.702,0.698,0.954,0.273,0.182,0.101,0.35,0.5,0.092,0.487,0.452,0.437,0.6,0.076,0.308,0.25,0.698,0.052,0.419,0.077,0.315,0.484,0.208,0.321,0.127,0.665,0.308,0.387,0.396,0.325,0.335,0.55,0.64,0.03,0.75,0.058,0.469,0.066,0.816,0.045,0.69,0.419,0.703,0.481,0.514,0.586,0.395,0.773,0.17,0.089,0.382,1,0.173,0.708,0.327,0.233,0.496,0.257,0.122,0.201,0.51,0.333,0.393,0.204,0.13,0.485,0.091,0.265,0.313,0.237,0.323,0.243,0.222,0.236,0.333,0.66,0.702,0.5,0.709,0.234,0.448,0.089,0.643,0.634,0.191,0
Hungary,HU,9778371,5.936,10.344,0.941,67.6,0.693,-0.243,0.911,0.676,0.201,7.2,11.2,31.3,9.4,15,25,5,13.9,10.2,12.8,13.4,36,21,4.1,13.9,12.2,18.4,10.2,8.3,1,1.3,0.8,2.3,23.4,17.7,,0.8,,2.8,1.3,3.9,5.5,10.1,5.1,1.7,3.4,8.9,3.1,2.3,0.8,2.5,2,3,45.8,2.8,0.3,0.7,0.7,3.4,2.4,85.2,36.7,22.8,26.7,68.7,3.6,98.9,99.9,1.7,1.8,1.8,0.9,0.3,2.4,0.1,3,47.4,29.3,8.1,6.2,42.9,11.5,6.4,12.8,30.8,16.6,4.1,4.2,69.8,7.4,6.6,20.9,21.4,39,14,32.7,36.7,27.6,14.5,2.8,13.9,0.2,1.7,0.4,1.6,0.1,0.2,0.5,0.1,0.1,3.6,8.3,51.1,44.2,20.5,37.2,0.2,5.2,36.9,4.8,8,0.111,0.303,0.371,0.819,0.105,0.24,0.095,0.949,0.461,0.166,0.172,0.181,0.455,0.412,0.338,0.071,0.09,0.088,0.471,0.406,0.042,0.66,0.288,0.265,0.715,0.609,0.533,0.343,0.137,0.083,0.089,0.06,0,0.335,0.226,-0.047,0,-0.165,0.299,0.295,0.493,0.343,0.506,0.553,0.06,0.068,0.267,0.4,0.103,0.029,0.176,0.188,0.338,1,0.415,0,0,0.113,0.185,0.436,0.808,0.654,1,0,0.381,0.106,0.985,0.995,0.045,0.096,0.042,0.041,0.049,0.063,0.015,0.071,0.403,0.245,0.149,0.11,0.275,0.11,0.273,0.415,1,0.371,0.083,0.19,0.488,0.545,0.111,0.059,0.794,0.555,0.78,0.435,0.574,0.564,0.355,0.463,0.13,0,0.5,0.188,0.421,0.032,0.054,0.056,0.018,0.067,0.057,0.055,0.317,0.215,0.42,0.628,0.007,0.167,0.668,0.23,0.75
Ireland,IE,4830392,6.962,11.332,0.938,72.3,0.861,0.144,0.362,0.811,0.213,16.8,20.8,35.1,8.1,18.6,37.9,10.6,24.9,10.4,7.5,35.4,31.3,30.9,7.8,12.4,9.8,19.8,13.6,24.7,2,3.3,3.8,10.1,29.2,33.4,22.8,20.3,29.1,1.9,0.5,1.5,2,5.4,3.4,7.4,3.9,7,3,4.5,1.5,2.2,1.3,0.7,20.2,2.5,7.2,6.7,1.2,4.5,2.2,78.6,27.1,4.1,52.3,66.4,3.6,82.2,90.6,15,5.1,12.5,3,2,12.4,2,11.8,43.8,34.3,11.9,11.2,38.6,32.6,6.2,5.7,13,38,16.2,4.5,74.2,4.6,24.8,51.3,10,28.9,10.2,48.1,41.5,20.1,14.1,3.6,20.9,0.5,0.5,0.4,0.6,1.4,0.1,0.6,1.4,0.7,30.3,45.8,62.5,62.5,10.7,13.1,28,21.1,27.1,2,1.5,0.051,0.675,1,0.8,0.724,0.719,0.842,0.264,0.852,0.216,0.433,0.529,0.535,0.327,0.52,0.611,0.452,0.402,0.483,0.179,0.814,0.535,0.599,0.809,0.611,0.45,0.605,0.58,0.777,0.292,0.446,0.66,0.209,0.475,0.652,0.716,0.677,0.574,0.182,0.114,0.145,0.088,0.205,0.329,0.44,0.085,0.175,0.386,0.255,0.096,0.148,0.115,0.039,0.245,0.369,0.75,0.492,0.208,0.25,0.4,0.531,0.45,0.138,0.526,0.29,0.106,0.364,0.523,0.439,0.413,0.325,0.255,0.328,0.638,0.299,0.639,0.33,0.363,0.396,0.348,0.176,0.468,0.26,0.159,0.282,1,0.638,0.207,0.594,0.267,0.5,0.72,0.262,0.342,0.549,0.749,0.683,0.291,0.342,0.611,0.48,0.136,0.147,0.188,0.158,0.452,0.027,0.067,0.255,0.467,0.662,0.659,0.476,0.547,0.062,0,1,0.868,0.369,0.046,0.043
Italy,IT,60483973,6.517,10.65,0.913,73.6,0.65,-0.021,0.888,0.649,0.403,3.3,19,23.8,18,15.2,34.9,11.2,26.7,18.8,3.3,18.7,33.2,21.5,2.3,6.1,12.1,14.4,9.4,13.6,1.4,1.1,0.6,13,34.8,21.4,13.8,16.3,19.9,1.5,0.4,1.6,3,8.7,2.8,4.8,7.4,3.5,0.3,1.4,2,1.2,0.3,1,33.2,0.2,1.8,3.8,0.1,0.3,0.2,87,29.4,5.4,54.7,62.8,4,90.5,94,13.7,4.6,16.5,2.4,1.3,9.8,2.1,8.8,32.9,18.9,7.4,7.9,46.8,14.1,3.1,6.9,14.5,22.4,5.4,8.4,73.6,7.1,5.6,18.2,8.5,30.5,7.1,24.1,25.7,27.3,25.7,1.4,27.5,0.2,0.7,0.1,0.5,0.3,0.3,1.7,1,0.2,7.3,25.8,65.3,50.5,12.3,43.4,3.6,6.1,34.6,3.4,4.9,0.729,0.514,0.566,0.62,0.895,0.119,0.522,0.92,0.383,1,0.065,0.464,0.298,0.974,0.348,0.485,0.49,0.453,0.971,0,0.228,0.585,0.304,0,0.174,0.603,0.328,0.287,0.344,0.167,0.054,0.02,0.287,0.61,0.326,0.415,0.538,0.34,0.13,0.091,0.159,0.161,0.417,0.25,0.267,0.204,0.005,0,0.041,0.144,0.056,0.01,0.078,0.628,0.015,0.163,0.254,0,0,0.036,0.883,0.499,0.198,0.575,0.147,0.128,0.673,0.695,0.401,0.365,0.431,0.194,0.213,0.489,0.313,0.445,0.109,0,0.104,0.19,0.366,0.154,0.053,0.202,0.343,0.541,0.142,0.425,0.58,0.515,0.09,0,0.192,0.376,0.36,0.259,0.323,0.553,0.724,0.204,0.81,0,0.206,0,0.132,0.097,0.081,0.189,0.182,0.133,0.141,0.337,0.515,0.329,0.12,0.789,0.129,0.207,0.598,0.138,0.413
Latvia,LV,1934379,5.901,10.307,0.913,66.8,0.608,-0.212,0.799,0.585,0.192,4,14.6,33.7,9.5,12.4,40.5,8.2,26.8,11.9,15.7,20.5,26.4,34.1,7.3,12.3,9.9,12.7,16.3,18,2.4,6.4,5.5,14.1,37.7,22.1,16.7,13.1,45.9,1.6,0.5,3.9,3.5,7.7,5.7,10.3,9.6,20.6,6.5,2.2,2.5,3,1.3,1.4,41.7,0.5,7.3,12.9,0.4,4.7,0.6,80.6,47.5,10,34.2,77,11.1,88.9,90.2,1.4,7.3,2.7,5.6,0,12.1,0.2,12.6,56.4,48.1,14.1,10.6,31.6,20.9,3.7,13.9,10.7,4,6.9,5.5,64.4,8.3,5.7,52.4,21.9,44.4,10.7,51.6,55.4,37.9,14.5,2.4,24.5,1.5,0.2,1.1,1.1,0.5,3.7,3.5,0.3,0.4,5.4,18.8,100,58,23.4,24,16,4.7,31.9,3.6,7.7,0.016,0.291,0.347,0.625,0,0,0.153,0.809,0.198,0.128,0.084,0.304,0.505,0.418,0.207,0.72,0.297,0.456,0.57,0.53,0.291,0.404,0.699,0.735,0.604,0.457,0.241,0.769,0.516,0.375,1,1,0.316,0.68,0.345,0.512,0.427,1,0.143,0.114,0.493,0.197,0.353,0.632,0.633,0.279,0.835,0.886,0.097,0.192,0.222,0.115,0.13,0.879,0.062,0.761,1,0.057,0.262,0.109,0.615,0.883,0.41,0.154,0.71,0.525,0.613,0.503,0.036,0.625,0.066,0.52,0,0.621,0.03,0.69,0.585,0.689,0.539,0.319,0.014,0.269,0.093,0.455,0.19,0,0.211,0.263,0.357,0.634,0.092,0.743,0.818,0.669,0.579,0.82,1,0.938,0.355,0.389,0.66,0.591,0.059,0.625,0.289,0.161,1,0.389,0.055,0.267,0.098,0.224,1,0.465,0.526,0.284,0.571,0.145,0.515,0.151,0.717
Lithuania,LT,2808901,6.309,10.474,0.929,67.3,0.699,-0.237,0.852,0.517,0.214,3.1,12.5,9.6,10.4,11,29.6,6.3,24.1,5.6,6.7,12.2,32.5,18.4,3.3,4.6,5.7,10.3,5.3,4.8,2.9,4,2.2,7.6,32,14.9,14.5,12.9,36.4,1,0.5,2.7,2.6,8.9,3.3,5.6,22.1,11.6,3.1,2.4,1.8,1.7,0.8,0.7,41,0.1,4.4,8.4,0.2,1.1,0.1,87,44.4,7.7,46.6,84.3,4.7,96.9,99.9,11.7,2.8,12.1,3.1,0.1,7.2,0.9,8.5,73,31.4,8.4,7,31,9,4.3,15,7,7.1,3.4,8.4,68.6,8.8,2.8,55.7,9.7,38.4,13.1,38.1,42.6,27.3,6.6,1,13,1.3,0.1,1.2,0.8,0.3,0.7,0.4,0.2,0.2,1.1,4.9,28.4,47,22.3,42.5,1.2,4,30,6.4,7.1,0.027,0.439,0.454,0.739,0.066,0.258,0.107,0.875,0,0.218,0.06,0.228,0,0.477,0.136,0.264,0.174,0.379,0.203,0.145,0,0.566,0.207,0.147,0.069,0.179,0.118,0,0,0.479,0.571,0.34,0.142,0.542,0.149,0.438,0.42,0.759,0.065,0.114,0.319,0.131,0.429,0.316,0.32,0.704,0.398,0.4,0.11,0.125,0.102,0.063,0.039,0.858,0,0.446,0.631,0.019,0.048,0.018,0.883,0.817,0.304,0.409,1,0.168,0.911,0.995,0.341,0.192,0.315,0.265,0.016,0.339,0.134,0.426,0.921,0.295,0.169,0.148,0,0.068,0.133,0.495,0.04,0.091,0.05,0.425,0.459,0.683,0.03,0.815,0.248,0.542,0.726,0.545,0.708,0.553,0.095,0.13,0.085,0.5,0.029,0.688,0.211,0.097,0.189,0.044,0.036,0.133,0,0,0,0.265,0.485,0.766,0.043,0.115,0.457,0.336,0.652
Montenegro,ME,622359,5.65,9.934,0.856,68.5,0.626,-0.051,0.769,0.59,0.355,4,25.6,40.4,16.6,23.7,37.3,14.9,25.4,12.4,9.7,32.8,38.5,27,7.2,11.1,12.9,18,13.2,25.6,2,2.3,2.3,35.2,34.2,33.3,19.1,15.9,26.3,4.6,1.8,7.4,6,8.7,8.5,7.7,30.8,18.2,4.4,4,4,3.4,1.5,3.7,34.4,6.6,6.4,4.4,1.4,6.4,5.5,82.7,37.1,9.9,75.4,64.9,19.6,92.7,98.3,7.9,0.8,14.4,0.7,1.5,1.3,1.1,1.9,27.5,21.3,21.2,17.9,32.9,40.9,8,22.7,28.4,31.5,3.5,10.1,82.7,8.1,4.5,19.6,6.6,38.6,6.9,11.4,11.5,26.4,23.2,5.3,28.2,0.8,0,0.3,2.2,0.5,1.5,9,5.5,0.1,2.7,8.6,58.3,49,11.4,21.7,2.7,16.4,47.8,16.5,8.8,0,0.2,0.11,0.217,0.224,0.052,0.465,0.772,0.212,0.802,0.084,0.703,0.646,0.882,0.778,0.586,0.729,0.416,0.599,0.274,0.723,0.726,0.476,0.721,0.521,0.656,0.513,0.552,0.813,0.292,0.268,0.36,0.882,0.595,0.649,0.592,0.524,0.503,0.532,0.409,1,0.38,0.417,1,0.46,1,0.718,0.586,0.221,0.337,0.259,0.135,0.429,0.664,1,0.663,0.303,0.245,0.363,1,0.703,0.662,0.406,1,0.23,1,0.755,0.914,0.228,0,0.376,0.02,0.246,0,0.164,0,0,0.057,1,0.667,0.044,0.608,0.38,0.773,0.903,0.809,0.055,0.52,0.8,0.614,0.066,0.03,0.103,0.546,0.348,0,0,0.52,0.641,0.926,0.845,0.273,0,0.125,0.579,0.161,0.405,1,1,0.067,0.036,0.06,0.418,0.302,0.088,0.224,0.096,0.661,1,1,0.837
Netherlands,NL,17181084,7.463,10.941,0.939,72.3,0.92,0.161,0.371,0.862,0.205,20.1,7.7,26,5.3,8.3,23.3,4.8,11.8,3.6,7.7,25.2,12.1,34.2,5.1,14.6,6.8,15.6,13,15.3,0.7,1,0.5,18.7,9.5,24.5,17,13.2,18.2,0.8,0.5,0.5,2.1,2.2,0.9,3.2,2.3,3.5,1,0.8,1.6,1.4,1.4,0.4,16.2,1.1,1.5,0.9,1,4.3,0.8,74.6,5.9,1.1,41,63.9,8.2,89.4,96.6,5.1,6.4,5.3,3.3,0.8,10.6,1.2,9.7,42.8,39.2,7.4,8.2,55.8,24.4,17.3,1.3,8.3,18.4,12.7,2.8,77.4,6.1,24.7,41.3,16.3,18.3,5.3,60.4,41.9,12.1,5.2,0.6,14.6,0.7,2,0.5,0.7,1.1,0.4,1.9,2,1.4,45.2,62.4,67.3,82.1,17.2,40.6,4.7,10.5,27,1.7,1.4,0.202,0.857,0.751,0.811,0.724,0.885,0.875,0.274,1,0.182,0.523,0.054,0.344,0.144,0,0,0.077,0.028,0.087,0.188,0.456,0.024,0.702,0.412,0.764,0.252,0.39,0.538,0.41,0.021,0.036,0,0.44,0,0.41,0.522,0.431,0.297,0.039,0.114,0,0.095,0,0,0.16,0.031,0.005,0.1,0,0.106,0.074,0.125,0,0.127,0.154,0.13,0.016,0.17,0.238,0.145,0.364,0,0,0.294,0.19,0.363,0.632,0.827,0.145,0.538,0.135,0.286,0.131,0.534,0.179,0.503,0.31,0.479,0.104,0.205,0.574,0.329,1,0,0.093,0.424,0.477,0.112,0.671,0.416,0.498,0.502,0.556,0.118,0.25,1,0.692,0,0.049,0.056,0.165,0.227,0.588,0.25,0.184,0.355,0.108,0.211,0.364,0.933,1,0.926,0.543,0.904,0.299,0.716,0.168,0.401,0.366,0.026,0.033
Norway,NO,5295619,7.444,11.056,0.966,73.2,0.96,0.094,0.268,0.827,0.212,8.2,6.2,39.1,6.2,20,24.1,11.7,12.1,5.5,10.2,25.3,13.8,26.5,8.2,10.2,4.7,17.7,11,17.7,5.4,5.9,3.3,30.1,16.9,25.9,29.2,26.2,34.1,8.2,0.6,1.6,11.7,15.6,8,8,1.8,14.5,2.8,8.4,8,9.1,9.8,1.4,23.4,2.6,5,3.2,3,10,1.8,80.2,33.3,10.4,32.1,59.1,6.3,89.4,95.1,1.7,8.5,2.2,4.8,0.5,13.7,0.1,12.3,51.2,51.4,15.6,14.7,68,64,8.7,4.7,10,32.8,13.1,1.8,82.3,2.4,27.2,50.6,7.1,12.7,1.2,35.2,24.8,15.6,4.3,1.2,23.4,0.3,1.2,0.9,1.1,1.6,0.4,0.5,1.8,1,43.6,65.4,68.7,87.4,14.2,18.5,17,17.8,32.6,2.9,4,0.057,0.85,0.824,1,0.842,1,0.745,0.147,0.9,0.211,0.199,0,0.618,0.203,0.591,0.033,0.523,0.037,0.198,0.295,0.46,0.069,0.461,0.868,0.458,0.113,0.497,0.399,0.504,1,0.911,0.56,0.745,0.178,0.448,0.93,0.882,0.701,1,0.136,0.159,0.796,0.859,0.934,0.48,0.014,0.539,0.357,0.524,0.721,0.787,1,0.13,0.339,0.385,0.511,0.205,0.547,0.577,0.327,0.598,0.582,0.429,0.111,0,0.257,0.632,0.751,0.045,0.74,0.053,0.439,0.082,0.713,0.015,0.671,0.48,0.767,0.636,0.514,0.856,1,0.427,0.123,0.161,0.847,0.495,0.056,0.79,0.05,0.551,0.704,0.126,0,0,0.486,0.303,0.127,0.02,0.167,0.605,0.045,0.353,0.5,0.289,0.516,0.108,0.056,0.327,0.667,0.964,0.974,0.563,1,0.19,0.141,0.607,0.722,0.537,0.105,0.315
Poland,PL,37976687,6.111,10.366,0.863,69.3,0.87,-0.254,0.72,0.742,0.176,9.8,11.1,27.8,8.3,14,30.2,12,25.5,15,3.5,14.2,31,22.9,3.4,3.6,7.9,8.4,8.3,11.7,0.8,1.8,1,4.2,26.8,21.7,4.6,6.3,11.8,1.4,0.1,1.1,1.7,4.4,3.6,7.3,12.8,12.7,4.4,6,1.2,3.7,2.5,3.1,24.6,1.1,6.1,6.3,1.2,3,1.2,,39.5,16.2,42.9,71.9,2.5,99.2,100,6.5,5.3,7.9,6.1,0.3,18.7,0.5,17.4,50.5,22.3,12.1,11.4,34,30.2,8.3,4.2,8.4,26.2,5.6,11.1,65.4,7.1,14.4,31.2,14,42.3,12.6,40,48.7,25,10.5,1.8,12,0.5,0,0.8,0.1,0.5,0,0,0.6,0.2,3.2,16.4,63.6,53.8,19.9,43.7,0.6,2.6,33.2,3.2,10.3,0.455,0.367,0.385,0.27,0.329,0.744,0.072,0.711,0.654,0.063,0.243,0.178,0.382,0.34,0.288,0.289,0.542,0.419,0.75,0.009,0.07,0.527,0.348,0.162,0,0.325,0.021,0.21,0.27,0.042,0.179,0.1,0.051,0.417,0.334,0.107,0.191,0.135,0.117,0.023,0.087,0.066,0.141,0.355,0.433,0.388,0.451,0.586,0.359,0.067,0.287,0.24,0.351,0.375,0.154,0.63,0.459,0.208,0.161,0.218,-2.757,0.713,0.696,0.333,0.508,0.045,0.996,1,0.187,0.433,0.204,0.571,0.049,1,0.075,1,0.466,0.08,0.409,0.357,0.069,0.427,0.4,0.105,0.097,0.653,0.151,0.575,0.382,0.515,0.278,0.283,0.449,0.624,0.695,0.584,0.847,0.469,0.224,0.278,0.035,0.136,0,0.438,0.026,0.161,0,0,0.109,0.133,0.048,0.185,0.492,0.389,0.398,0.797,0.021,0.053,0.555,0.125,1
Portugal,PT,10291027,5.92,10.434,0.887,72.4,0.877,-0.261,0.88,0.679,0.318,0.9,23.1,34.5,12.9,11.6,29.4,6.8,15.5,8.8,16.3,30,22.8,31.4,5.6,14.1,9.5,17.2,10.5,17.9,1.1,2.7,1,39.6,19.3,32.3,16.3,16.2,20.6,2.5,0.2,2.2,1.2,7.9,6.8,10.6,13.8,8,2.4,2.5,3.4,2.5,0.6,2,36.8,0.4,4.5,9.4,0.6,1.1,0.6,,42,7.6,58.5,70.8,3.3,87.6,95.1,16.9,3.4,25.3,2.6,2.1,10.7,2.8,11.8,76.9,24.9,14.1,8.6,64.8,26.9,8.6,4,11.2,14.6,12.4,9.2,71.8,1.9,2.3,36.4,7.1,47.2,10.2,34,32.4,17.6,26.1,1.1,21.3,0.3,1.3,0.2,0.2,1,0,1,0.9,0.3,20.8,39.2,53.8,58.2,21.1,25.5,1.7,16.5,35.2,4.3,3.2,0.118,0.298,0.428,0.438,0.737,0.764,0.059,0.91,0.47,0.649,0,0.612,0.522,0.641,0.167,0.255,0.206,0.134,0.39,0.556,0.625,0.309,0.614,0.485,0.729,0.43,0.472,0.364,0.512,0.104,0.339,0.1,1,0.236,0.622,0.498,0.535,0.358,0.26,0.045,0.246,0.029,0.365,0.776,0.653,0.422,0.223,0.3,0.117,0.279,0.176,0.042,0.208,0.735,0.046,0.457,0.713,0.094,0.048,0.109,-2.757,0.766,0.3,0.653,0.464,0.089,0.565,0.751,0.496,0.25,0.664,0.214,0.344,0.54,0.418,0.639,1,0.142,0.539,0.224,0.782,0.371,0.42,0.097,0.21,0.312,0.463,0.469,0.536,0,0.019,0.396,0.126,0.728,0.549,0.461,0.476,0.2,0.737,0.148,0.5,0.045,0.382,0.063,0.053,0.323,0,0.111,0.164,0.2,0.447,0.552,0.355,0.469,0.442,0.323,0.061,0.665,0.616,0.197,0.228
Serbia,RS,7001444,5.936,9.762,0.853,68.2,0.74,-0.1,0.864,0.559,0.296,2.6,23.5,44.3,18.4,27.1,41.9,19.1,36.5,16.1,12.2,36.1,42.7,29.1,9.1,16.4,18.1,22,18.6,26.3,3.7,5.1,2.4,27.2,42.7,33.1,19.9,17,37.5,7.4,4.4,3.5,5.8,10.1,3.8,11.4,22.6,20.6,5.6,6.3,4.5,4.8,2.7,8.1,30.1,3.4,9.5,7.2,1.1,2.7,2.4,,43.6,7.3,71.3,76.7,11.3,91.2,99.5,14.6,1.5,25.7,0.5,2.2,2.5,2.4,2.4,59.8,34.9,16.7,11.4,36.1,29.1,4.9,29,26,19.1,5.4,17.4,73.6,8.9,4.4,32.8,11.2,49.6,9.5,18.2,20.3,31.8,19.7,4.9,23,1.7,0.5,0.8,0.5,0.7,0.2,1.4,0.3,0.1,2.8,8.1,40.1,39.3,28.3,35.1,0.5,15.3,20.8,13.2,6.5,0.078,0.304,0,0.195,0.184,0.374,0.371,0.89,0.122,0.56,0.046,0.627,0.727,1,0.949,0.778,1,0.732,0.814,0.38,0.839,0.838,0.542,1,0.889,1,0.718,0.93,0.84,0.646,0.768,0.38,0.668,0.8,0.644,0.619,0.563,0.787,0.896,1,0.435,0.365,0.506,0.382,0.707,0.721,0.835,0.757,0.379,0.385,0.389,0.26,1,0.537,0.508,1,0.533,0.189,0.143,0.436,-2.757,0.8,0.286,0.916,0.698,0.536,0.699,0.975,0.427,0.067,0.675,0,0.361,0.069,0.358,0.032,0.654,0.377,0.708,0.357,0.118,0.408,0.173,1,0.806,0.444,0.142,0.927,0.58,0.693,0.064,0.317,0.318,0.778,0.506,0.139,0.2,0.716,0.526,0.852,0.585,0.682,0.147,0.438,0.132,0.226,0.054,0.156,0.055,0.067,0.039,0.052,0.163,0.125,0.704,0.573,0.018,0.612,0.177,0.783,0.587
Slovakia,SK,5443120,6.235,10.376,0.922,68.9,0.758,-0.167,0.91,0.754,0.253,6.5,15.5,18.8,7.8,13.9,29.2,13.5,22.3,7.1,3.9,12.7,34.8,20,2.6,7.4,9,16.6,8.2,10.4,0.9,1.2,0.6,10.3,29.7,25.3,3.3,3.8,8.8,3.4,3.3,4,3.5,5.6,5.3,1.9,6.9,13.8,5,3.1,0.5,0.8,1.6,1.1,34.1,0.9,2,1,0.2,1.5,0.8,,32.7,13.7,41.4,78.5,4.6,98.3,99.9,1.5,5.3,2.1,3,0.3,11.1,0.5,12.4,62.4,28.1,8.7,6.9,38.6,14.3,9,4.3,21.4,15.9,4,14.8,66.1,7.1,11.5,27.2,25.8,39.8,17.6,33.6,37,28.9,19.5,5.7,16.8,1.8,1.2,0.7,0.7,0,0.4,0.5,0.2,0,2.9,9.6,42.9,32.4,18.2,48.3,0.3,8.4,24.8,6,4.7,0.059,0.412,0.391,0.69,0.276,0.424,0.24,0.948,0.687,0.382,0.153,0.337,0.193,0.307,0.283,0.247,0.639,0.328,0.291,0.026,0.018,0.628,0.257,0.044,0.264,0.397,0.441,0.203,0.219,0.063,0.071,0.02,0.214,0.487,0.432,0.064,0.104,0.058,0.377,0.75,0.507,0.197,0.218,0.579,0.073,0.187,0.505,0.671,0.159,0,0.019,0.146,0.091,0.655,0.123,0.185,0.025,0.019,0.071,0.145,-2.757,0.569,0.581,0.302,0.77,0.162,0.963,0.995,0.039,0.433,0.05,0.255,0.049,0.563,0.075,0.677,0.706,0.217,0.188,0.143,0.176,0.158,0.447,0.108,0.621,0.35,0.078,0.782,0.399,0.515,0.216,0.196,1,0.572,1,0.453,0.581,0.611,0.52,1,0.275,0.727,0.353,0.375,0.184,0,0.108,0.056,0.036,0,0.041,0.076,0.203,0,0.336,0.917,0.011,0.308,0.299,0.309,0.391
Slovenia,SI,2066880,6.249,10.546,0.941,71.1,0.942,-0.119,0.839,0.644,0.275,4.1,33.8,28,13.6,26.3,46.9,8.7,21.4,10.4,16.5,30.7,35.3,39.6,7,15.4,15.2,18.7,19.6,20.6,2.7,2.8,2.7,9.8,36.7,35.3,9.3,9.4,19.7,1.2,0.2,1.4,1.1,6.5,1.6,3.6,8.9,19.4,2.5,3.2,3,1.7,1.6,1.4,39.1,0.2,2.1,2.6,0.5,2,1.1,,29.5,7.3,54.6,62.1,1.7,88.2,96.9,1.3,1.1,2.7,0.7,0.1,3.2,0.1,3.8,56.5,36.1,14.1,13.7,36.8,40.8,6.9,8.6,10.1,21.4,6.6,9.1,63.3,2.9,8.2,33.3,6.9,47.5,5.5,19.7,21,23,16.9,0.6,19.5,0.2,0.2,0.3,0.5,0.9,0.2,0.2,0.8,0.4,7.8,17.7,67.7,60.4,12.3,45.1,7.9,12.5,22.2,6.5,6.6,0.018,0.417,0.499,0.822,0.566,0.948,0.334,0.859,0.368,0.474,0.087,1,0.386,0.686,0.909,0.987,0.329,0.302,0.483,0.564,0.649,0.641,0.871,0.691,0.819,0.808,0.549,1,0.617,0.438,0.357,0.44,0.201,0.655,0.704,0.264,0.299,0.335,0.091,0.045,0.13,0.022,0.276,0.092,0.187,0.255,0.777,0.314,0.166,0.24,0.102,0.146,0.13,0.802,0.015,0.196,0.156,0.075,0.101,0.2,-2.757,0.501,0.286,0.573,0.119,0,0.587,0.843,0.033,0.029,0.066,0.02,0.016,0.109,0.015,0.123,0.587,0.406,0.539,0.467,0.134,0.607,0.307,0.264,0.165,0.512,0.197,0.464,0.331,0.099,0.145,0.328,0.117,0.734,0.262,0.169,0.216,0.396,0.434,0.056,0.41,0,0.059,0.125,0.132,0.29,0.054,0.022,0.145,0.267,0.152,0.206,0.549,0.509,0.12,0.833,0.282,0.489,0.22,0.342,0.598
Spain,ES,46658447,6.513,10.605,0.91,74.4,0.722,-0.075,0.777,0.659,0.357,4.4,28.3,34.6,5.7,20.3,38.5,8.9,19.5,9,12.5,40.3,27.9,32.4,5.3,13,7.7,17.4,13.1,25.2,0.8,2.2,1.1,22.7,28.9,37.3,28.3,28.9,31.2,0.9,0.4,1.7,2.6,11.4,2.8,11.9,11.2,4.1,1.3,2.3,5.2,2.2,1,0.6,30.9,0.1,5.9,7.5,0.3,1.1,0.1,73.8,29.2,11.3,50.1,61.6,2.3,87.5,92.3,33.9,6.1,38,4.1,5.2,12.1,6.7,12,37.3,27.2,13.7,13.3,58.6,27.7,4.6,3.9,11.8,18.7,12.5,4.3,71.3,3.5,8.1,38,13.2,42.7,11.7,32.7,36.9,20.8,21.5,1.2,24.9,0.7,0.5,0.3,0.3,2.6,0.7,1.5,1,1.5,44.3,50.7,69.7,67.4,18.7,42.3,2.5,6.4,30.2,4.8,2.6,0.56,0.513,0.537,0.604,1,0.324,0.419,0.781,0.412,0.811,0.095,0.801,0.524,0.17,0.606,0.636,0.342,0.248,0.401,0.393,0.986,0.444,0.646,0.441,0.653,0.311,0.482,0.545,0.797,0.042,0.25,0.12,0.547,0.467,0.758,0.9,0.976,0.627,0.052,0.091,0.174,0.131,0.59,0.25,0.74,0.333,0.034,0.143,0.103,0.452,0.148,0.083,0.026,0.56,0,0.609,0.557,0.038,0.048,0.018,0.331,0.495,0.47,0.48,0.099,0.034,0.561,0.609,1,0.51,1,0.367,0.852,0.621,1,0.652,0.198,0.196,0.513,0.448,0.639,0.385,0.153,0.094,0.234,0.432,0.468,0.196,0.524,0.158,0.143,0.43,0.411,0.633,0.64,0.435,0.579,0.316,0.586,0.167,0.68,0.227,0.147,0.125,0.079,0.839,0.189,0.167,0.182,1,0.98,0.738,0.577,0.636,0.354,0.76,0.089,0.22,0.463,0.23,0.163
Sweden,SE,10120242,7.375,10.881,0.931,72.6,0.942,0.077,0.263,0.823,0.161,25,11.5,40.8,3.1,9,31.4,7.1,10.8,5.2,12.9,28.6,11.2,29,5.2,13.7,5.9,23.1,11.2,22.6,3,4.1,2.3,23.3,14.4,36,31.3,29.6,34.9,6.2,0.8,1.6,4.4,7.2,4.7,15.8,3.5,11,1.9,3,3.1,4.2,3.5,0.9,17.2,2.2,9.3,4.8,3.5,11.8,4,,27.6,9,28.5,64.2,4.9,85.4,96,17.7,6.4,16,3.5,0.1,11.8,0.7,11.6,60.5,61.3,12.3,16,74.2,46.3,9.8,4.9,17.1,32.9,22.3,2,91,3.5,26.8,53,9.6,22,2.9,56.8,41.3,15.8,6.7,0.3,23.5,1.3,1.2,0.9,1.3,3.1,0.6,1.2,1.3,1,41.1,61.4,64,82.4,16,15.7,11.5,23.4,33.4,3.2,3.5,0.116,0.825,0.713,0.749,0.763,0.947,0.711,0.14,0.886,0,0.657,0.192,0.654,0,0.035,0.339,0.226,0,0.18,0.41,0.575,0,0.539,0.426,0.701,0.192,0.774,0.413,0.695,0.5,0.589,0.36,0.563,0.118,0.723,1,1,0.721,0.74,0.182,0.159,0.263,0.321,0.5,1,0.071,0.369,0.229,0.152,0.25,0.333,0.344,0.065,0.156,0.323,0.978,0.336,0.642,0.685,0.727,-2.757,0.461,0.364,0.037,0.202,0.179,0.483,0.797,0.519,0.538,0.418,0.306,0.016,0.603,0.104,0.626,0.668,1,0.422,0.576,1,0.7,0.5,0.13,0.448,0.85,0.917,0.067,1,0.158,0.543,0.757,0.243,0.196,0.104,0.927,0.679,0.135,0.099,0,0.61,0.5,0.353,0.5,0.342,1,0.162,0.133,0.236,0.667,0.907,0.91,0.497,0.909,0.255,0.068,0.411,0.969,0.561,0.125,0.261
Switzerland,CH,8484130,7.509,11.134,0.93,74.1,0.926,0.101,0.301,0.792,0.192,8.6,16.6,47.7,8.4,16.3,40.2,5,16.2,15.3,25.3,33.7,25.4,43.7,6.4,14.9,10.7,22.6,14.7,26,1.8,3.1,2.3,12.9,19.1,31.2,17.1,16.1,28.5,4,1.1,1.7,6.4,10,2.2,6.4,2.8,8,1.7,8.2,8.9,11.4,7.5,4.1,18.5,2.8,2.9,4.5,3.2,9.1,3,79.9,21.9,4.1,38.3,64.6,7.3,72.4,80.3,2.2,5.7,3.8,1.9,0.5,8.7,0.3,7.5,36.1,45.1,17.2,20.3,53.4,48.5,8.7,3.2,9.2,37.1,16.4,5.9,49.6,4.3,19.1,35.5,8.7,16.2,4.5,36.6,30,14.3,9.7,0.9,21.4,0.2,0.6,0.3,0.5,0.7,0.8,2.1,0.6,0.4,23.9,45.7,67.5,74.6,9.3,51.5,3.5,8.3,27.4,1.9,1.1,0.096,0.873,0.874,0.746,0.961,0.903,0.758,0.188,0.798,0.127,0.21,0.377,0.799,0.346,0.404,0.707,0.09,0.154,0.767,0.94,0.754,0.378,1,0.603,0.785,0.51,0.749,0.657,0.828,0.25,0.411,0.36,0.284,0.231,0.592,0.525,0.531,0.558,0.455,0.25,0.174,0.409,0.5,0.171,0.373,0.048,0.223,0.2,0.51,0.808,1,0.76,0.481,0.195,0.415,0.283,0.311,0.585,0.524,0.545,0.586,0.34,0.138,0.238,0.218,0.313,0,0,0.059,0.471,0.095,0.143,0.082,0.425,0.045,0.361,0.174,0.618,0.74,0.781,0.519,0.737,0.427,0.069,0.129,0.974,0.647,0.285,0,0.238,0.378,0.376,0.201,0.074,0.201,0.514,0.421,0.08,0.197,0.111,0.505,0,0.176,0.125,0.132,0.226,0.216,0.233,0.109,0.267,0.517,0.657,0.546,0.767,0.011,1,0.125,0.304,0.378,0.039,0
United Kingdom,GB,66273576,7.233,10.743,0.928,72.3,0.838,0.226,0.404,0.783,0.228,12.9,18.1,37.5,7.1,17.2,36.4,7.8,16.6,6.6,7.6,37.2,24.9,33.2,7.8,13.2,9,20.4,14,24.1,1.5,2.2,1.8,12.4,26,33,17.9,16.2,21,1.4,0.4,0.5,2.7,7.5,1.5,8.8,3.3,6.9,2.4,1.7,4.4,1.7,0.8,0.7,22.7,2,6.3,5.6,0.6,4.4,1.1,89.8,17.7,2.8,39.2,71.1,7.8,86.4,94,0.2,5.4,0.2,4.4,0.1,12.4,0.1,11.8,55.6,48.4,12.8,12,54.5,28,11.1,6.8,9.9,28.4,16.2,3.9,75.7,1.9,20,52.6,4.4,13.5,2.8,41.3,30.2,13.6,11.3,0.9,15.9,2.4,3.4,1.7,1.3,2.5,0.4,2,3.4,1.5,30.6,48.2,50.1,70.1,9,21.6,3.6,20.5,45.4,2.8,2.4,0.799,0.774,0.625,0.733,0.724,0.651,1,0.317,0.772,0.279,0.327,0.431,0.585,0.261,0.449,0.548,0.271,0.165,0.262,0.184,0.877,0.364,0.671,0.809,0.667,0.397,0.636,0.608,0.754,0.188,0.25,0.26,0.271,0.398,0.641,0.552,0.535,0.368,0.117,0.091,0,0.139,0.34,0.079,0.533,0.065,0.17,0.3,0.062,0.375,0.102,0.063,0.039,0.319,0.292,0.652,0.402,0.094,0.244,0.2,1,0.251,0.078,0.257,0.476,0.341,0.52,0.695,0,0.442,0,0.398,0.016,0.638,0.015,0.639,0.569,0.696,0.455,0.386,0.544,0.39,0.587,0.199,0.157,0.718,0.638,0.173,0.63,0,0.397,0.748,0,0.017,0.098,0.61,0.426,0.055,0.25,0.111,0.23,1,1,1,0.342,0.806,0.108,0.222,0.618,1,0.669,0.697,0.303,0.685,0,0.221,0.129,0.841,0.927,0.099,0.141
